Date,Category,Description,Amount,Type,Month,Day,Weekday
20-11-2024,Utilities,Utilities transaction,4764.84,Expense,November,20,Wednesday
29-09-2024,Health,Health transaction,1618.66,Expense,September,29,Sunday
02-04-2024,Rent,Rent transaction,4636.79,Expense,April,2,Tuesday
07-10-2024,Rent,Rent transaction,3882.92,Expense,October,7,Monday
09-08-2024,Utilities,Utilities transaction,3989.63,Expense,August,9,Friday
07-10-2024,Rent,Rent transaction,4995.6,Expense,October,7,Monday
24-11-2024,Bills,Bills transaction,541.31,Expense,November,24,Sunday
19-08-2024,Gift,Gift transaction,34914.93,Income,August,19,Monday
24-01-2024,Rent,Rent transaction,3146.14,Expense,January,24,Wednesday
27-08-2024,Food,Food transaction,3363.28,Expense,August,27,Tuesday
12-07-2024,Bonus,Bonus transaction,58008.27,Income,July,12,Friday
06-10-2024,Gift,Gift transaction,33517.39,Income,October,6,Sunday
06-01-2024,Entertainment,Entertainment transaction,904.4,Expense,January,6,Saturday
27-08-2024,Entertainment,Entertainment transaction,1484.37,Expense,August,27,Tuesday
25-02-2024,Shopping,Shopping transaction,1417.33,Expense,February,25,Sunday
21-09-2024,Groceries,Groceries transaction,910.39,Expense,September,21,Saturday
26-12-2024,Shopping,Shopping transaction,756.68,Expense,December,26,Thursday
10-01-2024,Food,Food transaction,814.66,Expense,January,10,Wednesday
02-11-2024,Bonus,Bonus transaction,9545.66,Income,November,2,Saturday
12-12-2024,Groceries,Groceries transaction,2824.23,Expense,December,12,Thursday
20-09-2024,Bills,Bills transaction,3479.28,Expense,September,20,Friday
14-01-2024,Groceries,Groceries transaction,2313.31,Expense,January,14,Sunday
01-01-2024,Rent,Rent transaction,2049.22,Expense,January,1,Monday
05-03-2024,Transport,Transport transaction,2545.29,Expense,March,5,Tuesday
07-12-2024,Food,Food transaction,4418.67,Expense,December,7,Saturday
30-01-2024,Utilities,Utilities transaction,1134.28,Expense,January,30,Tuesday
20-09-2024,Travel,Travel transaction,1366.81,Expense,September,20,Friday
13-03-2024,Travel,Travel transaction,2117.23,Expense,March,13,Wednesday
08-10-2024,Food,Food transaction,3913.73,Expense,October,8,Tuesday
18-05-2024,Freelance,Freelance transaction,31368.39,Income,May,18,Saturday
10-03-2024,Entertainment,Entertainment transaction,2215,Expense,March,10,Sunday
22-10-2024,Bills,Bills transaction,877.47,Expense,October,22,Tuesday
20-08-2024,Travel,Travel transaction,2443.65,Expense,August,20,Tuesday
07-12-2024,Food,Food transaction,3808.46,Expense,December,7,Saturday
16-04-2024,Shopping,Shopping transaction,2392.44,Expense,April,16,Tuesday
01-05-2024,Health,Health transaction,1718.85,Expense,May,1,Wednesday
06-04-2024,Transport,Transport transaction,3582.46,Expense,April,6,Saturday
13-03-2024,Salary,Salary transaction,25539.99,Income,March,13,Wednesday
24-08-2024,Investment,Investment transaction,52267.88,Income,August,24,Saturday
30-08-2024,Groceries,Groceries transaction,1044.9,Expense,August,30,Friday
10-07-2024,Bills,Bills transaction,3514.32,Expense,July,10,Wednesday
18-09-2024,Travel,Travel transaction,3674.75,Expense,September,18,Wednesday
05-06-2024,Transport,Transport transaction,1484.85,Expense,June,5,Wednesday
17-12-2024,Investment,Investment transaction,73679.89,Income,December,17,Tuesday
28-12-2024,Travel,Travel transaction,643.98,Expense,December,28,Saturday
10-11-2024,Entertainment,Entertainment transaction,946.81,Expense,November,10,Sunday
04-08-2024,Groceries,Groceries transaction,4278.17,Expense,August,4,Sunday
15-08-2024,Groceries,Groceries transaction,965.15,Expense,August,15,Thursday
12-01-2024,Freelance,Freelance transaction,66010.65,Income,January,12,Friday
12-04-2024,Bills,Bills transaction,2969.58,Expense,April,12,Friday
25-04-2024,Health,Health transaction,3364.5,Expense,April,25,Thursday
22-03-2024,Freelance,Freelance transaction,63175.49,Income,March,22,Friday
04-10-2024,Health,Health transaction,1330.75,Expense,October,4,Friday
19-07-2024,Freelance,Freelance transaction,18991.74,Income,July,19,Friday
29-11-2024,Shopping,Shopping transaction,4032.3,Expense,November,29,Friday
18-08-2024,Transport,Transport transaction,4066.89,Expense,August,18,Sunday
23-03-2024,Groceries,Groceries transaction,65.74,Expense,March,23,Saturday
20-02-2024,Health,Health transaction,1134.21,Expense,February,20,Tuesday
13-02-2024,Health,Health transaction,3515.35,Expense,February,13,Tuesday
26-06-2024,Rent,Rent transaction,2705.55,Expense,June,26,Wednesday
13-07-2024,Food,Food transaction,3790.14,Expense,July,13,Saturday
25-07-2024,Rent,Rent transaction,3532.2,Expense,July,25,Thursday
05-11-2024,Transport,Transport transaction,1790.27,Expense,November,5,Tuesday
25-08-2024,Bonus,Bonus transaction,46176.77,Income,August,25,Sunday
07-12-2024,Rent,Rent transaction,3433.55,Expense,December,7,Saturday
24-02-2024,Bonus,Bonus transaction,68000.83,Income,February,24,Saturday
29-04-2024,Health,Health transaction,127.33,Expense,April,29,Monday
09-06-2024,Bonus,Bonus transaction,34937.23,Income,June,9,Sunday
14-09-2024,Entertainment,Entertainment transaction,1035.4,Expense,September,14,Saturday
01-05-2024,Food,Food transaction,3142.74,Expense,May,1,Wednesday
01-04-2024,Shopping,Shopping transaction,4853.22,Expense,April,1,Monday
22-12-2024,Food,Food transaction,3769.1,Expense,December,22,Sunday
23-01-2024,Investment,Investment transaction,57549.75,Income,January,23,Tuesday
06-05-2024,Food,Food transaction,304.61,Expense,May,6,Monday
19-09-2024,Utilities,Utilities transaction,4091.69,Expense,September,19,Thursday
13-01-2024,Shopping,Shopping transaction,1027.31,Expense,January,13,Saturday
20-05-2024,Groceries,Groceries transaction,1146.61,Expense,May,20,Monday
06-08-2024,Transport,Transport transaction,4903.83,Expense,August,6,Tuesday
29-12-2024,Utilities,Utilities transaction,894.8,Expense,December,29,Sunday
12-08-2024,Investment,Investment transaction,33240.98,Income,August,12,Monday
23-11-2024,Gift,Gift transaction,37720.83,Income,November,23,Saturday
31-05-2024,Rent,Rent transaction,510.54,Expense,May,31,Friday
25-08-2024,Shopping,Shopping transaction,3917.95,Expense,August,25,Sunday
31-05-2024,Utilities,Utilities transaction,2299.21,Expense,May,31,Friday
17-01-2024,Bonus,Bonus transaction,43159.96,Income,January,17,Wednesday
07-11-2024,Rent,Rent transaction,4245.09,Expense,November,7,Thursday
12-09-2024,Groceries,Groceries transaction,393.82,Expense,September,12,Thursday
10-04-2024,Health,Health transaction,3573.75,Expense,April,10,Wednesday
20-05-2024,Freelance,Freelance transaction,28595.44,Income,May,20,Monday
18-11-2024,Rent,Rent transaction,3074.85,Expense,November,18,Monday
15-06-2024,Health,Health transaction,2001.85,Expense,June,15,Saturday
14-03-2024,Transport,Transport transaction,2865.5,Expense,March,14,Thursday
07-06-2024,Transport,Transport transaction,3351.43,Expense,June,7,Friday
24-07-2024,Utilities,Utilities transaction,4928.97,Expense,July,24,Wednesday
07-07-2024,Transport,Transport transaction,806.02,Expense,July,7,Sunday
07-10-2024,Groceries,Groceries transaction,1898.34,Expense,October,7,Monday
26-02-2024,Salary,Salary transaction,74091.35,Income,February,26,Monday
25-11-2024,Gift,Gift transaction,14912.92,Income,November,25,Monday
25-05-2024,Travel,Travel transaction,4491.46,Expense,May,25,Saturday
25-04-2024,Bills,Bills transaction,1444.71,Expense,April,25,Thursday
20-10-2024,Groceries,Groceries transaction,4855.52,Expense,October,20,Sunday
23-09-2024,Shopping,Shopping transaction,4156.95,Expense,September,23,Monday
11-07-2024,Utilities,Utilities transaction,4710.46,Expense,July,11,Thursday
23-04-2024,Investment,Investment transaction,76425.54,Income,April,23,Tuesday
06-01-2024,Freelance,Freelance transaction,58959.85,Income,January,6,Saturday
22-07-2024,Health,Health transaction,3020.44,Expense,July,22,Monday
04-02-2024,Rent,Rent transaction,505.03,Expense,February,4,Sunday
02-02-2024,Transport,Transport transaction,1779.25,Expense,February,2,Friday
05-09-2024,Gift,Gift transaction,76502.72,Income,September,5,Thursday
13-02-2024,Rent,Rent transaction,3764.18,Expense,February,13,Tuesday
26-04-2024,Travel,Travel transaction,4306.74,Expense,April,26,Friday
04-04-2024,Travel,Travel transaction,2828.22,Expense,April,4,Thursday
06-05-2024,Rent,Rent transaction,659.79,Expense,May,6,Monday
25-09-2024,Groceries,Groceries transaction,1954.71,Expense,September,25,Wednesday
10-08-2024,Utilities,Utilities transaction,4032.45,Expense,August,10,Saturday
07-11-2024,Freelance,Freelance transaction,74098.18,Income,November,7,Thursday
04-02-2024,Travel,Travel transaction,4498.55,Expense,February,4,Sunday
17-06-2024,Bonus,Bonus transaction,35049.43,Income,June,17,Monday
25-12-2024,Groceries,Groceries transaction,4438.92,Expense,December,25,Wednesday
08-01-2024,Investment,Investment transaction,46110.84,Income,January,8,Monday
19-08-2024,Bonus,Bonus transaction,7187.34,Income,August,19,Monday
29-03-2024,Travel,Travel transaction,1670.87,Expense,March,29,Friday
25-04-2024,Rent,Rent transaction,3569.37,Expense,April,25,Thursday
04-02-2024,Transport,Transport transaction,4049.26,Expense,February,4,Sunday
12-09-2024,Groceries,Groceries transaction,3654.65,Expense,September,12,Thursday
30-09-2024,Transport,Transport transaction,747,Expense,September,30,Monday
17-07-2024,Travel,Travel transaction,4875.63,Expense,July,17,Wednesday
26-12-2024,Shopping,Shopping transaction,3043.81,Expense,December,26,Thursday
01-01-2024,Utilities,Utilities transaction,1993.68,Expense,January,1,Monday
06-12-2024,Bills,Bills transaction,4346.13,Expense,December,6,Friday
01-05-2024,Bills,Bills transaction,2968.74,Expense,May,1,Wednesday
18-06-2024,Freelance,Freelance transaction,12537.71,Income,June,18,Tuesday
23-03-2024,Investment,Investment transaction,47901.93,Income,March,23,Saturday
29-11-2024,Utilities,Utilities transaction,2308.13,Expense,November,29,Friday
27-03-2024,Freelance,Freelance transaction,64348.59,Income,March,27,Wednesday
28-01-2024,Shopping,Shopping transaction,4209.98,Expense,January,28,Sunday
24-06-2024,Shopping,Shopping transaction,1305.19,Expense,June,24,Monday
19-10-2024,Bills,Bills transaction,2451.22,Expense,October,19,Saturday
27-12-2024,Rent,Rent transaction,4223.07,Expense,December,27,Friday
16-11-2024,Gift,Gift transaction,16506.2,Income,November,16,Saturday
10-08-2024,Gift,Gift transaction,16250.83,Income,August,10,Saturday
22-01-2024,Rent,Rent transaction,2813.29,Expense,January,22,Monday
16-08-2024,Groceries,Groceries transaction,2625.35,Expense,August,16,Friday
09-08-2024,Health,Health transaction,4017.87,Expense,August,9,Friday
08-03-2024,Salary,Salary transaction,64924.86,Income,March,8,Friday
19-07-2024,Food,Food transaction,4680.09,Expense,July,19,Friday
26-09-2024,Gift,Gift transaction,76110.35,Income,September,26,Thursday
12-09-2024,Shopping,Shopping transaction,1040.39,Expense,September,12,Thursday
24-08-2024,Entertainment,Entertainment transaction,409.34,Expense,August,24,Saturday
24-06-2024,Bonus,Bonus transaction,37740.81,Income,June,24,Monday
28-01-2024,Health,Health transaction,3422.41,Expense,January,28,Sunday
06-02-2024,Investment,Investment transaction,17006.02,Income,February,6,Tuesday
04-07-2024,Utilities,Utilities transaction,2551.74,Expense,July,4,Thursday
09-03-2024,Gift,Gift transaction,78154.53,Income,March,9,Saturday
19-05-2024,Food,Food transaction,2635.76,Expense,May,19,Sunday
23-05-2024,Groceries,Groceries transaction,4815.53,Expense,May,23,Thursday
18-06-2024,Freelance,Freelance transaction,6631.22,Income,June,18,Tuesday
12-02-2024,Travel,Travel transaction,4854.52,Expense,February,12,Monday
25-12-2024,Health,Health transaction,1159.8,Expense,December,25,Wednesday
11-10-2024,Rent,Rent transaction,364.06,Expense,October,11,Friday
22-10-2024,Investment,Investment transaction,33390.57,Income,October,22,Tuesday
17-03-2024,Rent,Rent transaction,687.99,Expense,March,17,Sunday
06-08-2024,Travel,Travel transaction,1121.09,Expense,August,6,Tuesday
26-04-2024,Groceries,Groceries transaction,3899.56,Expense,April,26,Friday
14-02-2024,Rent,Rent transaction,3211.53,Expense,February,14,Wednesday
02-02-2024,Bonus,Bonus transaction,21471.12,Income,February,2,Friday
05-08-2024,Bills,Bills transaction,4934.9,Expense,August,5,Monday
01-07-2024,Health,Health transaction,3096.12,Expense,July,1,Monday
22-06-2024,Bills,Bills transaction,3356.56,Expense,June,22,Saturday
05-05-2024,Transport,Transport transaction,79.88,Expense,May,5,Sunday
07-08-2024,Gift,Gift transaction,56769.92,Income,August,7,Wednesday
22-05-2024,Rent,Rent transaction,2297.2,Expense,May,22,Wednesday
21-02-2024,Rent,Rent transaction,4472.9,Expense,February,21,Wednesday
02-11-2024,Freelance,Freelance transaction,70124.16,Income,November,2,Saturday
18-10-2024,Food,Food transaction,51.18,Expense,October,18,Friday
01-09-2024,Investment,Investment transaction,47002.37,Income,September,1,Sunday
26-05-2024,Bills,Bills transaction,563.77,Expense,May,26,Sunday
20-02-2024,Investment,Investment transaction,26744.56,Income,February,20,Tuesday
03-01-2024,Food,Food transaction,2213.92,Expense,January,3,Wednesday
10-08-2024,Rent,Rent transaction,2497.93,Expense,August,10,Saturday
05-07-2024,Transport,Transport transaction,55.08,Expense,July,5,Friday
29-11-2024,Shopping,Shopping transaction,1372.63,Expense,November,29,Friday
22-05-2024,Health,Health transaction,4746.13,Expense,May,22,Wednesday
17-06-2024,Entertainment,Entertainment transaction,4928.3,Expense,June,17,Monday
19-11-2024,Travel,Travel transaction,4037.13,Expense,November,19,Tuesday
11-07-2024,Bills,Bills transaction,2858.24,Expense,July,11,Thursday
23-02-2024,Gift,Gift transaction,48574,Income,February,23,Friday
03-02-2024,Travel,Travel transaction,4713.48,Expense,February,3,Saturday
11-02-2024,Bills,Bills transaction,3725.11,Expense,February,11,Sunday
10-03-2024,Freelance,Freelance transaction,57999.53,Income,March,10,Sunday
03-12-2024,Freelance,Freelance transaction,8776.68,Income,December,3,Tuesday
11-11-2024,Rent,Rent transaction,2811.89,Expense,November,11,Monday
23-01-2024,Shopping,Shopping transaction,71.61,Expense,January,23,Tuesday
12-03-2024,Utilities,Utilities transaction,2538.61,Expense,March,12,Tuesday
18-01-2024,Salary,Salary transaction,32611.37,Income,January,18,Thursday
29-03-2024,Bills,Bills transaction,1947.3,Expense,March,29,Friday
05-12-2024,Food,Food transaction,4889.19,Expense,December,5,Thursday
30-08-2024,Groceries,Groceries transaction,1130.32,Expense,August,30,Friday
24-11-2024,Salary,Salary transaction,35774.95,Income,November,24,Sunday
07-07-2024,Freelance,Freelance transaction,13506.6,Income,July,7,Sunday
10-12-2024,Groceries,Groceries transaction,3892.67,Expense,December,10,Tuesday
06-11-2024,Entertainment,Entertainment transaction,3741.93,Expense,November,6,Wednesday
30-12-2024,Transport,Transport transaction,2456.56,Expense,December,30,Monday
11-02-2024,Entertainment,Entertainment transaction,1853.44,Expense,February,11,Sunday
14-06-2024,Entertainment,Entertainment transaction,3832.77,Expense,June,14,Friday
05-11-2024,Groceries,Groceries transaction,1199.7,Expense,November,5,Tuesday
07-09-2024,Utilities,Utilities transaction,1727.75,Expense,September,7,Saturday
17-10-2024,Bonus,Bonus transaction,21178.81,Income,October,17,Thursday
30-12-2024,Entertainment,Entertainment transaction,4549.44,Expense,December,30,Monday
24-04-2024,Bonus,Bonus transaction,25197.06,Income,April,24,Wednesday
26-12-2024,Utilities,Utilities transaction,4695.81,Expense,December,26,Thursday
24-02-2024,Groceries,Groceries transaction,1495.87,Expense,February,24,Saturday
23-07-2024,Shopping,Shopping transaction,1010.24,Expense,July,23,Tuesday
16-02-2024,Rent,Rent transaction,1258.32,Expense,February,16,Friday
20-03-2024,Food,Food transaction,4359.03,Expense,March,20,Wednesday
16-05-2024,Groceries,Groceries transaction,959.55,Expense,May,16,Thursday
10-01-2024,Bills,Bills transaction,784.48,Expense,January,10,Wednesday
12-03-2024,Investment,Investment transaction,57539.88,Income,March,12,Tuesday
28-07-2024,Groceries,Groceries transaction,4415.19,Expense,July,28,Sunday
19-08-2024,Entertainment,Entertainment transaction,902.72,Expense,August,19,Monday
20-12-2024,Entertainment,Entertainment transaction,2789.66,Expense,December,20,Friday
09-10-2024,Gift,Gift transaction,46741.86,Income,October,9,Wednesday
20-11-2024,Shopping,Shopping transaction,2242.84,Expense,November,20,Wednesday
21-03-2024,Groceries,Groceries transaction,1203.73,Expense,March,21,Thursday
22-08-2024,Rent,Rent transaction,405.9,Expense,August,22,Thursday
13-01-2024,Rent,Rent transaction,3793.14,Expense,January,13,Saturday
30-03-2024,Travel,Travel transaction,2034.11,Expense,March,30,Saturday
03-07-2024,Travel,Travel transaction,1934.28,Expense,July,3,Wednesday
04-02-2024,Shopping,Shopping transaction,3833.82,Expense,February,4,Sunday
21-05-2024,Health,Health transaction,313.06,Expense,May,21,Tuesday
27-07-2024,Bills,Bills transaction,4987.85,Expense,July,27,Saturday
14-12-2024,Bills,Bills transaction,3962.56,Expense,December,14,Saturday
17-09-2024,Travel,Travel transaction,1944.22,Expense,September,17,Tuesday
12-05-2024,Entertainment,Entertainment transaction,2106.31,Expense,May,12,Sunday
02-06-2024,Transport,Transport transaction,1731.51,Expense,June,2,Sunday
17-08-2024,Rent,Rent transaction,1007.27,Expense,August,17,Saturday
11-03-2024,Health,Health transaction,1146.55,Expense,March,11,Monday
20-07-2024,Groceries,Groceries transaction,174.61,Expense,July,20,Saturday
28-11-2024,Salary,Salary transaction,70531.34,Income,November,28,Thursday
08-11-2024,Travel,Travel transaction,3857.67,Expense,November,8,Friday
25-09-2024,Shopping,Shopping transaction,2772.82,Expense,September,25,Wednesday
24-05-2024,Utilities,Utilities transaction,2605.41,Expense,May,24,Friday
24-10-2024,Investment,Investment transaction,48665.92,Income,October,24,Thursday
19-01-2024,Travel,Travel transaction,4410.89,Expense,January,19,Friday
28-09-2024,Bonus,Bonus transaction,60838.89,Income,September,28,Saturday
13-04-2024,Food,Food transaction,1306.1,Expense,April,13,Saturday
13-06-2024,Salary,Salary transaction,43012.91,Income,June,13,Thursday
24-10-2024,Gift,Gift transaction,66851.24,Income,October,24,Thursday
16-12-2024,Utilities,Utilities transaction,2898.83,Expense,December,16,Monday
07-02-2024,Transport,Transport transaction,146.62,Expense,February,7,Wednesday
31-05-2024,Travel,Travel transaction,3186.69,Expense,May,31,Friday
24-09-2024,Gift,Gift transaction,70019.28,Income,September,24,Tuesday
09-08-2024,Travel,Travel transaction,862.04,Expense,August,9,Friday
07-10-2024,Shopping,Shopping transaction,2745.59,Expense,October,7,Monday
20-10-2024,Travel,Travel transaction,338.45,Expense,October,20,Sunday
16-03-2024,Food,Food transaction,4123.51,Expense,March,16,Saturday
02-02-2024,Health,Health transaction,2549.08,Expense,February,2,Friday
18-09-2024,Transport,Transport transaction,3193.98,Expense,September,18,Wednesday
02-03-2024,Freelance,Freelance transaction,11774.95,Income,March,2,Saturday
19-06-2024,Groceries,Groceries transaction,3834.06,Expense,June,19,Wednesday
16-01-2024,Entertainment,Entertainment transaction,3002.83,Expense,January,16,Tuesday
19-08-2024,Travel,Travel transaction,3226.29,Expense,August,19,Monday
16-04-2024,Bonus,Bonus transaction,36058.19,Income,April,16,Tuesday
07-09-2024,Investment,Investment transaction,10187.47,Income,September,7,Saturday
22-07-2024,Health,Health transaction,860.37,Expense,July,22,Monday
08-04-2024,Travel,Travel transaction,2239.17,Expense,April,8,Monday
26-07-2024,Bonus,Bonus transaction,46822.36,Income,July,26,Friday
17-11-2024,Bills,Bills transaction,2450.85,Expense,November,17,Sunday
01-08-2024,Groceries,Groceries transaction,3602.95,Expense,August,1,Thursday
01-04-2024,Utilities,Utilities transaction,3779.58,Expense,April,1,Monday
25-06-2024,Travel,Travel transaction,1405.93,Expense,June,25,Tuesday
21-12-2024,Gift,Gift transaction,6217.48,Income,December,21,Saturday
02-08-2024,Groceries,Groceries transaction,4652.83,Expense,August,2,Friday
26-09-2024,Shopping,Shopping transaction,903.31,Expense,September,26,Thursday
27-12-2024,Bills,Bills transaction,849.56,Expense,December,27,Friday
15-11-2024,Shopping,Shopping transaction,3831.37,Expense,November,15,Friday
04-07-2024,Rent,Rent transaction,615.19,Expense,July,4,Thursday
25-02-2024,Gift,Gift transaction,37373.3,Income,February,25,Sunday
31-10-2024,Rent,Rent transaction,1511.09,Expense,October,31,Thursday
19-09-2024,Travel,Travel transaction,1332.17,Expense,September,19,Thursday
04-10-2024,Investment,Investment transaction,18073.69,Income,October,4,Friday
12-04-2024,Bills,Bills transaction,4671.95,Expense,April,12,Friday
02-03-2024,Investment,Investment transaction,51073.49,Income,March,2,Saturday
02-01-2024,Food,Food transaction,3604.61,Expense,January,2,Tuesday
24-12-2024,Rent,Rent transaction,1931.51,Expense,December,24,Tuesday
02-06-2024,Rent,Rent transaction,677.75,Expense,June,2,Sunday
05-11-2024,Bills,Bills transaction,195.77,Expense,November,5,Tuesday
12-11-2024,Bonus,Bonus transaction,66733.16,Income,November,12,Tuesday
30-09-2024,Salary,Salary transaction,19492.24,Income,September,30,Monday
09-08-2024,Travel,Travel transaction,4173.39,Expense,August,9,Friday
08-11-2024,Food,Food transaction,509.73,Expense,November,8,Friday
26-07-2024,Freelance,Freelance transaction,71609.02,Income,July,26,Friday
29-12-2024,Entertainment,Entertainment transaction,4952.08,Expense,December,29,Sunday
12-08-2024,Freelance,Freelance transaction,30164.23,Income,August,12,Monday
04-10-2024,Entertainment,Entertainment transaction,2908.46,Expense,October,4,Friday
09-08-2024,Health,Health transaction,1155.35,Expense,August,9,Friday
06-09-2024,Shopping,Shopping transaction,3576.05,Expense,September,6,Friday
30-03-2024,Bonus,Bonus transaction,8699.27,Income,March,30,Saturday
22-07-2024,Shopping,Shopping transaction,1861.73,Expense,July,22,Monday
15-12-2024,Utilities,Utilities transaction,3230.48,Expense,December,15,Sunday
15-12-2024,Health,Health transaction,760.43,Expense,December,15,Sunday
02-10-2024,Entertainment,Entertainment transaction,3149.64,Expense,October,2,Wednesday
30-10-2024,Entertainment,Entertainment transaction,4446.76,Expense,October,30,Wednesday
02-06-2024,Shopping,Shopping transaction,2268.32,Expense,June,2,Sunday
28-08-2024,Rent,Rent transaction,3542.92,Expense,August,28,Wednesday
28-06-2024,Bonus,Bonus transaction,77919.52,Income,June,28,Friday
19-12-2024,Utilities,Utilities transaction,1161.72,Expense,December,19,Thursday
08-07-2024,Utilities,Utilities transaction,1402.22,Expense,July,8,Monday
07-09-2024,Food,Food transaction,2569.6,Expense,September,7,Saturday
01-08-2024,Bonus,Bonus transaction,51173.14,Income,August,1,Thursday
30-08-2024,Shopping,Shopping transaction,693.59,Expense,August,30,Friday
03-09-2024,Transport,Transport transaction,3255.52,Expense,September,3,Tuesday
06-07-2024,Entertainment,Entertainment transaction,539.15,Expense,July,6,Saturday
01-02-2024,Travel,Travel transaction,4783.33,Expense,February,1,Thursday
08-04-2024,Salary,Salary transaction,60348.98,Income,April,8,Monday
28-07-2024,Transport,Transport transaction,1511.65,Expense,July,28,Sunday
29-05-2024,Transport,Transport transaction,2565.15,Expense,May,29,Wednesday
23-01-2024,Entertainment,Entertainment transaction,1680.31,Expense,January,23,Tuesday
15-04-2024,Utilities,Utilities transaction,3835.24,Expense,April,15,Monday
29-09-2024,Bills,Bills transaction,3479.46,Expense,September,29,Sunday
09-11-2024,Shopping,Shopping transaction,1914.13,Expense,November,9,Saturday
08-04-2024,Bonus,Bonus transaction,72565.23,Income,April,8,Monday
01-06-2024,Gift,Gift transaction,69848.35,Income,June,1,Saturday
29-05-2024,Bills,Bills transaction,799.52,Expense,May,29,Wednesday
05-02-2024,Food,Food transaction,4980.61,Expense,February,5,Monday
25-10-2024,Utilities,Utilities transaction,2834.12,Expense,October,25,Friday
03-12-2024,Utilities,Utilities transaction,842.6,Expense,December,3,Tuesday
30-04-2024,Shopping,Shopping transaction,1728.8,Expense,April,30,Tuesday
10-05-2024,Gift,Gift transaction,63702.86,Income,May,10,Friday
26-12-2024,Travel,Travel transaction,1658.5,Expense,December,26,Thursday
04-01-2024,Entertainment,Entertainment transaction,1559.7,Expense,January,4,Thursday
29-06-2024,Entertainment,Entertainment transaction,3804.73,Expense,June,29,Saturday
02-10-2024,Travel,Travel transaction,1404.64,Expense,October,2,Wednesday
25-06-2024,Investment,Investment transaction,59357.09,Income,June,25,Tuesday
16-03-2024,Investment,Investment transaction,25054.7,Income,March,16,Saturday
08-12-2024,Freelance,Freelance transaction,41535.66,Income,December,8,Sunday
22-02-2024,Rent,Rent transaction,4983.15,Expense,February,22,Thursday
05-05-2024,Utilities,Utilities transaction,875.04,Expense,May,5,Sunday
23-03-2024,Transport,Transport transaction,3198.86,Expense,March,23,Saturday
05-10-2024,Bills,Bills transaction,4161.44,Expense,October,5,Saturday
10-06-2024,Food,Food transaction,4504.67,Expense,June,10,Monday
14-02-2024,Groceries,Groceries transaction,789.91,Expense,February,14,Wednesday
15-04-2024,Travel,Travel transaction,1617.81,Expense,April,15,Monday
17-02-2024,Entertainment,Entertainment transaction,187.38,Expense,February,17,Saturday
09-05-2024,Transport,Transport transaction,2949.6,Expense,May,9,Thursday
01-07-2024,Travel,Travel transaction,1665.09,Expense,July,1,Monday
27-01-2024,Salary,Salary transaction,62838.72,Income,January,27,Saturday
15-03-2024,Rent,Rent transaction,1909.45,Expense,March,15,Friday
15-09-2024,Transport,Transport transaction,1547.74,Expense,September,15,Sunday
09-06-2024,Gift,Gift transaction,21550.71,Income,June,9,Sunday
04-08-2024,Entertainment,Entertainment transaction,1183.84,Expense,August,4,Sunday
16-09-2024,Transport,Transport transaction,2663.75,Expense,September,16,Monday
13-01-2024,Shopping,Shopping transaction,498.67,Expense,January,13,Saturday
05-12-2024,Freelance,Freelance transaction,45675.39,Income,December,5,Thursday
27-02-2024,Groceries,Groceries transaction,4967.58,Expense,February,27,Tuesday
24-07-2024,Bills,Bills transaction,4829.35,Expense,July,24,Wednesday
28-01-2024,Rent,Rent transaction,3874.78,Expense,January,28,Sunday
22-05-2024,Utilities,Utilities transaction,3532.52,Expense,May,22,Wednesday
26-12-2024,Health,Health transaction,3624.31,Expense,December,26,Thursday
10-07-2024,Food,Food transaction,2161.89,Expense,July,10,Wednesday
17-08-2024,Entertainment,Entertainment transaction,1031.75,Expense,August,17,Saturday
01-11-2024,Food,Food transaction,67.96,Expense,November,1,Friday
11-06-2024,Health,Health transaction,2579.41,Expense,June,11,Tuesday
18-10-2024,Bills,Bills transaction,4303.22,Expense,October,18,Friday
18-03-2024,Transport,Transport transaction,2170.59,Expense,March,18,Monday
21-04-2024,Entertainment,Entertainment transaction,1453.29,Expense,April,21,Sunday
11-04-2024,Travel,Travel transaction,4940,Expense,April,11,Thursday
14-12-2024,Groceries,Groceries transaction,2851.69,Expense,December,14,Saturday
20-11-2024,Health,Health transaction,563.92,Expense,November,20,Wednesday
03-02-2024,Bonus,Bonus transaction,27125.36,Income,February,3,Saturday
15-10-2024,Bonus,Bonus transaction,24663.26,Income,October,15,Tuesday
30-11-2024,Travel,Travel transaction,2447.76,Expense,November,30,Saturday
20-06-2024,Groceries,Groceries transaction,3270.49,Expense,June,20,Thursday
27-08-2024,Bills,Bills transaction,4298.01,Expense,August,27,Tuesday
25-11-2024,Entertainment,Entertainment transaction,3885.12,Expense,November,25,Monday
13-05-2024,Food,Food transaction,2046.37,Expense,May,13,Monday
07-12-2024,Health,Health transaction,440.61,Expense,December,7,Saturday
03-03-2024,Bonus,Bonus transaction,39463.69,Income,March,3,Sunday
15-10-2024,Utilities,Utilities transaction,84,Expense,October,15,Tuesday
06-01-2024,Entertainment,Entertainment transaction,2011.04,Expense,January,6,Saturday
03-06-2024,Travel,Travel transaction,2309.98,Expense,June,3,Monday
24-09-2024,Shopping,Shopping transaction,3491.22,Expense,September,24,Tuesday
19-07-2024,Entertainment,Entertainment transaction,3970.17,Expense,July,19,Friday
09-12-2024,Gift,Gift transaction,9221.59,Income,December,9,Monday
20-08-2024,Utilities,Utilities transaction,1113.24,Expense,August,20,Tuesday
25-06-2024,Salary,Salary transaction,79958,Income,June,25,Tuesday
24-12-2024,Freelance,Freelance transaction,14631.12,Income,December,24,Tuesday
19-06-2024,Rent,Rent transaction,2191.08,Expense,June,19,Wednesday
05-05-2024,Health,Health transaction,4792.36,Expense,May,5,Sunday
13-02-2024,Shopping,Shopping transaction,1975.87,Expense,February,13,Tuesday
11-12-2024,Gift,Gift transaction,29235.24,Income,December,11,Wednesday
05-07-2024,Groceries,Groceries transaction,396.36,Expense,July,5,Friday
25-01-2024,Gift,Gift transaction,78845,Income,January,25,Thursday
15-01-2024,Health,Health transaction,845.9,Expense,January,15,Monday
17-10-2024,Bills,Bills transaction,3938.13,Expense,October,17,Thursday
19-03-2024,Travel,Travel transaction,1158.04,Expense,March,19,Tuesday
23-06-2024,Entertainment,Entertainment transaction,4058,Expense,June,23,Sunday
17-01-2024,Food,Food transaction,987.27,Expense,January,17,Wednesday
21-03-2024,Groceries,Groceries transaction,2266.28,Expense,March,21,Thursday
15-12-2024,Transport,Transport transaction,567.79,Expense,December,15,Sunday
14-02-2024,Bonus,Bonus transaction,38744.85,Income,February,14,Wednesday
27-04-2024,Food,Food transaction,1199.12,Expense,April,27,Saturday
16-12-2024,Bonus,Bonus transaction,24130.89,Income,December,16,Monday
14-03-2024,Rent,Rent transaction,2452.04,Expense,March,14,Thursday
28-09-2024,Rent,Rent transaction,4659.6,Expense,September,28,Saturday
06-02-2024,Investment,Investment transaction,72763.38,Income,February,6,Tuesday
25-07-2024,Shopping,Shopping transaction,2775.31,Expense,July,25,Thursday
24-12-2024,Entertainment,Entertainment transaction,1129.16,Expense,December,24,Tuesday
13-10-2024,Groceries,Groceries transaction,1038.66,Expense,October,13,Sunday
11-11-2024,Travel,Travel transaction,1485.8,Expense,November,11,Monday
14-07-2024,Health,Health transaction,3750.33,Expense,July,14,Sunday
05-04-2024,Salary,Salary transaction,34529.2,Income,April,5,Friday
14-05-2024,Health,Health transaction,3779.79,Expense,May,14,Tuesday
22-03-2024,Bonus,Bonus transaction,56436.12,Income,March,22,Friday
29-01-2024,Utilities,Utilities transaction,2391.74,Expense,January,29,Monday
14-04-2024,Utilities,Utilities transaction,1147.6,Expense,April,14,Sunday
24-05-2024,Food,Food transaction,4341.01,Expense,May,24,Friday
22-09-2024,Rent,Rent transaction,2946.71,Expense,September,22,Sunday
29-08-2024,Utilities,Utilities transaction,398.24,Expense,August,29,Thursday
13-12-2024,Utilities,Utilities transaction,362.81,Expense,December,13,Friday
13-08-2024,Travel,Travel transaction,754.76,Expense,August,13,Tuesday
11-11-2024,Health,Health transaction,2776.72,Expense,November,11,Monday
26-02-2024,Salary,Salary transaction,39631.45,Income,February,26,Monday
27-06-2024,Groceries,Groceries transaction,4662.81,Expense,June,27,Thursday
26-12-2024,Entertainment,Entertainment transaction,4658.4,Expense,December,26,Thursday
14-04-2024,Transport,Transport transaction,2351.75,Expense,April,14,Sunday
29-06-2024,Rent,Rent transaction,3130.54,Expense,June,29,Saturday
05-04-2024,Transport,Transport transaction,1832.93,Expense,April,5,Friday
24-07-2024,Groceries,Groceries transaction,3010,Expense,July,24,Wednesday
10-09-2024,Shopping,Shopping transaction,3688.92,Expense,September,10,Tuesday
03-05-2024,Travel,Travel transaction,4454.72,Expense,May,3,Friday
06-10-2024,Rent,Rent transaction,416.38,Expense,October,6,Sunday
21-02-2024,Health,Health transaction,4343.31,Expense,February,21,Wednesday
28-07-2024,Food,Food transaction,4636.81,Expense,July,28,Sunday
04-01-2024,Rent,Rent transaction,2956.05,Expense,January,4,Thursday
31-07-2024,Bills,Bills transaction,836.36,Expense,July,31,Wednesday
03-01-2024,Entertainment,Entertainment transaction,122.17,Expense,January,3,Wednesday
18-04-2024,Shopping,Shopping transaction,869.51,Expense,April,18,Thursday
23-08-2024,Entertainment,Entertainment transaction,307.23,Expense,August,23,Friday
07-11-2024,Transport,Transport transaction,3446.97,Expense,November,7,Thursday
19-03-2024,Salary,Salary transaction,73779.08,Income,March,19,Tuesday
06-01-2024,Health,Health transaction,195.49,Expense,January,6,Saturday
27-07-2024,Health,Health transaction,2033.23,Expense,July,27,Saturday
15-02-2024,Health,Health transaction,2348.16,Expense,February,15,Thursday
08-06-2024,Bonus,Bonus transaction,16880.19,Income,June,8,Saturday
20-09-2024,Shopping,Shopping transaction,1458.43,Expense,September,20,Friday
24-04-2024,Entertainment,Entertainment transaction,4897.44,Expense,April,24,Wednesday
26-07-2024,Entertainment,Entertainment transaction,2414.64,Expense,July,26,Friday
22-05-2024,Bills,Bills transaction,1447.37,Expense,May,22,Wednesday
11-04-2024,Food,Food transaction,3512.63,Expense,April,11,Thursday
23-09-2024,Entertainment,Entertainment transaction,416.09,Expense,September,23,Monday
20-07-2024,Transport,Transport transaction,4955.39,Expense,July,20,Saturday
04-06-2024,Freelance,Freelance transaction,8143.91,Income,June,4,Tuesday
26-05-2024,Gift,Gift transaction,12382.04,Income,May,26,Sunday
23-01-2024,Food,Food transaction,3053.06,Expense,January,23,Tuesday
08-02-2024,Food,Food transaction,1954.56,Expense,February,8,Thursday
20-08-2024,Investment,Investment transaction,17051.36,Income,August,20,Tuesday
12-04-2024,Food,Food transaction,843.98,Expense,April,12,Friday
17-11-2024,Entertainment,Entertainment transaction,3412.04,Expense,November,17,Sunday
13-02-2024,Investment,Investment transaction,12038.4,Income,February,13,Tuesday
30-06-2024,Groceries,Groceries transaction,953.29,Expense,June,30,Sunday
03-03-2024,Groceries,Groceries transaction,2310.71,Expense,March,3,Sunday
27-02-2024,Entertainment,Entertainment transaction,1773.96,Expense,February,27,Tuesday
11-01-2024,Shopping,Shopping transaction,4019.43,Expense,January,11,Thursday
27-09-2024,Groceries,Groceries transaction,2757.62,Expense,September,27,Friday
04-05-2024,Food,Food transaction,4585.16,Expense,May,4,Saturday
15-03-2024,Rent,Rent transaction,779.72,Expense,March,15,Friday
10-02-2024,Gift,Gift transaction,20883.79,Income,February,10,Saturday
06-03-2024,Salary,Salary transaction,75698.91,Income,March,6,Wednesday
13-04-2024,Utilities,Utilities transaction,2780.43,Expense,April,13,Saturday
18-03-2024,Entertainment,Entertainment transaction,546.67,Expense,March,18,Monday
06-11-2024,Groceries,Groceries transaction,107.08,Expense,November,6,Wednesday
28-07-2024,Travel,Travel transaction,2887.46,Expense,July,28,Sunday
17-06-2024,Investment,Investment transaction,70318.17,Income,June,17,Monday
17-05-2024,Bills,Bills transaction,2941.79,Expense,May,17,Friday
20-12-2024,Health,Health transaction,4530.23,Expense,December,20,Friday
14-05-2024,Travel,Travel transaction,4974.93,Expense,May,14,Tuesday
30-10-2024,Investment,Investment transaction,15130,Income,October,30,Wednesday
10-03-2024,Shopping,Shopping transaction,3906.14,Expense,March,10,Sunday
30-11-2024,Transport,Transport transaction,2360.98,Expense,November,30,Saturday
05-07-2024,Shopping,Shopping transaction,1397.61,Expense,July,5,Friday
05-07-2024,Shopping,Shopping transaction,606.89,Expense,July,5,Friday
02-11-2024,Travel,Travel transaction,2452.09,Expense,November,2,Saturday
08-11-2024,Utilities,Utilities transaction,301.87,Expense,November,8,Friday
02-03-2024,Transport,Transport transaction,3334.55,Expense,March,2,Saturday
08-09-2024,Entertainment,Entertainment transaction,4667.83,Expense,September,8,Sunday
11-05-2024,Rent,Rent transaction,1826.18,Expense,May,11,Saturday
28-01-2024,Food,Food transaction,4427.03,Expense,January,28,Sunday
20-10-2024,Bills,Bills transaction,910.22,Expense,October,20,Sunday
30-04-2024,Shopping,Shopping transaction,2778.31,Expense,April,30,Tuesday
27-03-2024,Bills,Bills transaction,2770.12,Expense,March,27,Wednesday
05-09-2024,Gift,Gift transaction,33559.9,Income,September,5,Thursday
09-12-2024,Salary,Salary transaction,47115.07,Income,December,9,Monday
21-06-2024,Bills,Bills transaction,3866.9,Expense,June,21,Friday
27-03-2024,Rent,Rent transaction,4709.97,Expense,March,27,Wednesday
14-03-2024,Travel,Travel transaction,475.86,Expense,March,14,Thursday
01-01-2024,Entertainment,Entertainment transaction,496.54,Expense,January,1,Monday
03-07-2024,Investment,Investment transaction,51912.73,Income,July,3,Wednesday
03-10-2024,Entertainment,Entertainment transaction,847.58,Expense,October,3,Thursday
02-07-2024,Bonus,Bonus transaction,24286.33,Income,July,2,Tuesday
16-05-2024,Investment,Investment transaction,43263.05,Income,May,16,Thursday
06-10-2024,Gift,Gift transaction,10438.47,Income,October,6,Sunday
09-09-2024,Groceries,Groceries transaction,2086.78,Expense,September,9,Monday
09-07-2024,Food,Food transaction,447.58,Expense,July,9,Tuesday
28-10-2024,Groceries,Groceries transaction,1052.49,Expense,October,28,Monday
02-04-2024,Groceries,Groceries transaction,799.64,Expense,April,2,Tuesday
01-04-2024,Salary,Salary transaction,72624.65,Income,April,1,Monday
07-07-2024,Rent,Rent transaction,4404.37,Expense,July,7,Sunday
17-02-2024,Entertainment,Entertainment transaction,993.21,Expense,February,17,Saturday
18-12-2024,Entertainment,Entertainment transaction,1012.72,Expense,December,18,Wednesday
18-10-2024,Transport,Transport transaction,384.58,Expense,October,18,Friday
24-09-2024,Travel,Travel transaction,4667.64,Expense,September,24,Tuesday
23-05-2024,Bills,Bills transaction,2780.56,Expense,May,23,Thursday
09-05-2024,Bonus,Bonus transaction,35161.01,Income,May,9,Thursday
24-10-2024,Bonus,Bonus transaction,30687.69,Income,October,24,Thursday
07-12-2024,Investment,Investment transaction,32580.98,Income,December,7,Saturday
24-09-2024,Freelance,Freelance transaction,15059.16,Income,September,24,Tuesday
06-09-2024,Freelance,Freelance transaction,15602.65,Income,September,6,Friday
27-10-2024,Shopping,Shopping transaction,4388.08,Expense,October,27,Sunday
07-03-2024,Rent,Rent transaction,4347.99,Expense,March,7,Thursday
14-10-2024,Groceries,Groceries transaction,2333.49,Expense,October,14,Monday
19-08-2024,Bills,Bills transaction,251.92,Expense,August,19,Monday
23-06-2024,Bills,Bills transaction,4366.51,Expense,June,23,Sunday
11-08-2024,Shopping,Shopping transaction,2126.1,Expense,August,11,Sunday
21-11-2024,Travel,Travel transaction,2103.09,Expense,November,21,Thursday
23-09-2024,Investment,Investment transaction,43604.86,Income,September,23,Monday
05-09-2024,Entertainment,Entertainment transaction,3454.94,Expense,September,5,Thursday
16-10-2024,Shopping,Shopping transaction,3116.29,Expense,October,16,Wednesday
14-10-2024,Food,Food transaction,2705.56,Expense,October,14,Monday
30-11-2024,Salary,Salary transaction,35015.68,Income,November,30,Saturday
29-01-2024,Entertainment,Entertainment transaction,3554.35,Expense,January,29,Monday
04-03-2024,Food,Food transaction,2091.3,Expense,March,4,Monday
23-03-2024,Bills,Bills transaction,254.85,Expense,March,23,Saturday
27-06-2024,Health,Health transaction,1214.28,Expense,June,27,Thursday
19-12-2024,Travel,Travel transaction,3848.67,Expense,December,19,Thursday
31-08-2024,Travel,Travel transaction,2667.21,Expense,August,31,Saturday
20-11-2024,Entertainment,Entertainment transaction,3437.63,Expense,November,20,Wednesday
20-07-2024,Health,Health transaction,4715.82,Expense,July,20,Saturday
02-07-2024,Utilities,Utilities transaction,983.89,Expense,July,2,Tuesday
14-10-2024,Food,Food transaction,4996.93,Expense,October,14,Monday
12-02-2024,Shopping,Shopping transaction,622.86,Expense,February,12,Monday
11-03-2024,Food,Food transaction,3713.92,Expense,March,11,Monday
19-12-2024,Entertainment,Entertainment transaction,1196.37,Expense,December,19,Thursday
07-07-2024,Investment,Investment transaction,13497.63,Income,July,7,Sunday
16-11-2024,Investment,Investment transaction,38315.03,Income,November,16,Saturday
20-02-2024,Rent,Rent transaction,3209.88,Expense,February,20,Tuesday
01-05-2024,Bills,Bills transaction,1326.45,Expense,May,1,Wednesday
21-09-2024,Food,Food transaction,2525.21,Expense,September,21,Saturday
24-08-2024,Health,Health transaction,2267.85,Expense,August,24,Saturday
22-01-2024,Bills,Bills transaction,4665.45,Expense,January,22,Monday
16-09-2024,Health,Health transaction,4773.18,Expense,September,16,Monday
07-04-2024,Travel,Travel transaction,612.38,Expense,April,7,Sunday
01-01-2024,Utilities,Utilities transaction,2993.5,Expense,January,1,Monday
21-08-2024,Rent,Rent transaction,2436.73,Expense,August,21,Wednesday
05-09-2024,Transport,Transport transaction,1484.38,Expense,September,5,Thursday
13-09-2024,Gift,Gift transaction,17840.35,Income,September,13,Friday
08-10-2024,Transport,Transport transaction,1637.57,Expense,October,8,Tuesday
23-01-2024,Bonus,Bonus transaction,60524.29,Income,January,23,Tuesday
29-03-2024,Shopping,Shopping transaction,1672.28,Expense,March,29,Friday
12-02-2024,Travel,Travel transaction,3856.86,Expense,February,12,Monday
19-11-2024,Salary,Salary transaction,79953.86,Income,November,19,Tuesday
11-05-2024,Rent,Rent transaction,1610.93,Expense,May,11,Saturday
09-12-2024,Travel,Travel transaction,2043.45,Expense,December,9,Monday
20-02-2024,Utilities,Utilities transaction,4393.61,Expense,February,20,Tuesday
05-05-2024,Groceries,Groceries transaction,4850.8,Expense,May,5,Sunday
24-04-2024,Utilities,Utilities transaction,1093.4,Expense,April,24,Wednesday
04-02-2024,Health,Health transaction,1835.85,Expense,February,4,Sunday
15-04-2024,Bonus,Bonus transaction,47687.28,Income,April,15,Monday
30-01-2024,Transport,Transport transaction,2848.24,Expense,January,30,Tuesday
05-05-2024,Salary,Salary transaction,44893.79,Income,May,5,Sunday
19-10-2024,Utilities,Utilities transaction,2974.42,Expense,October,19,Saturday
09-12-2024,Groceries,Groceries transaction,1201.29,Expense,December,9,Monday
18-07-2024,Shopping,Shopping transaction,286.13,Expense,July,18,Thursday
18-07-2024,Bills,Bills transaction,3598.66,Expense,July,18,Thursday
01-04-2024,Salary,Salary transaction,76312.28,Income,April,1,Monday
10-11-2024,Travel,Travel transaction,1419.5,Expense,November,10,Sunday
12-12-2024,Rent,Rent transaction,1895.98,Expense,December,12,Thursday
28-01-2024,Utilities,Utilities transaction,4348.23,Expense,January,28,Sunday
25-05-2024,Freelance,Freelance transaction,9912.99,Income,May,25,Saturday
17-12-2024,Transport,Transport transaction,2101.37,Expense,December,17,Tuesday
30-03-2024,Health,Health transaction,4785.65,Expense,March,30,Saturday
08-02-2024,Salary,Salary transaction,21396.93,Income,February,8,Thursday
15-08-2024,Travel,Travel transaction,431.19,Expense,August,15,Thursday
28-07-2024,Food,Food transaction,4908.81,Expense,July,28,Sunday
26-10-2024,Bonus,Bonus transaction,33292.36,Income,October,26,Saturday
05-03-2024,Utilities,Utilities transaction,4850.88,Expense,March,5,Tuesday
18-09-2024,Food,Food transaction,4048.98,Expense,September,18,Wednesday
24-02-2024,Gift,Gift transaction,20037.96,Income,February,24,Saturday
10-03-2024,Freelance,Freelance transaction,36406.21,Income,March,10,Sunday
26-10-2024,Health,Health transaction,4071.24,Expense,October,26,Saturday
12-11-2024,Salary,Salary transaction,70731.09,Income,November,12,Tuesday
11-03-2024,Freelance,Freelance transaction,78182.75,Income,March,11,Monday
10-04-2024,Health,Health transaction,4596.1,Expense,April,10,Wednesday
23-06-2024,Health,Health transaction,2085.64,Expense,June,23,Sunday
28-06-2024,Travel,Travel transaction,1429.01,Expense,June,28,Friday
20-02-2024,Bills,Bills transaction,1795.44,Expense,February,20,Tuesday
23-01-2024,Health,Health transaction,593.54,Expense,January,23,Tuesday
26-09-2024,Bills,Bills transaction,3734.22,Expense,September,26,Thursday
15-07-2024,Health,Health transaction,4517.12,Expense,July,15,Monday
27-02-2024,Utilities,Utilities transaction,3831.46,Expense,February,27,Tuesday
01-01-2024,Transport,Transport transaction,1347.71,Expense,January,1,Monday
05-06-2024,Entertainment,Entertainment transaction,4026.36,Expense,June,5,Wednesday
18-06-2024,Utilities,Utilities transaction,199.71,Expense,June,18,Tuesday
13-10-2024,Bills,Bills transaction,4651.15,Expense,October,13,Sunday
06-03-2024,Salary,Salary transaction,44214.4,Income,March,6,Wednesday
15-09-2024,Travel,Travel transaction,3202.19,Expense,September,15,Sunday
27-08-2024,Entertainment,Entertainment transaction,1861,Expense,August,27,Tuesday
02-02-2024,Utilities,Utilities transaction,2661.88,Expense,February,2,Friday
16-11-2024,Utilities,Utilities transaction,1568.12,Expense,November,16,Saturday
12-09-2024,Bills,Bills transaction,1201.73,Expense,September,12,Thursday
26-03-2024,Entertainment,Entertainment transaction,2940.85,Expense,March,26,Tuesday
19-03-2024,Freelance,Freelance transaction,71083.06,Income,March,19,Tuesday
19-11-2024,Bonus,Bonus transaction,68686.38,Income,November,19,Tuesday
29-02-2024,Health,Health transaction,626.95,Expense,February,29,Thursday
15-05-2024,Travel,Travel transaction,3532.89,Expense,May,15,Wednesday
23-02-2024,Bonus,Bonus transaction,13601.06,Income,February,23,Friday
24-03-2024,Travel,Travel transaction,2616.15,Expense,March,24,Sunday
15-12-2024,Health,Health transaction,2658.9,Expense,December,15,Sunday
15-06-2024,Salary,Salary transaction,25643.26,Income,June,15,Saturday
19-09-2024,Food,Food transaction,2176.64,Expense,September,19,Thursday
18-07-2024,Bonus,Bonus transaction,27193.94,Income,July,18,Thursday
11-10-2024,Gift,Gift transaction,70788.92,Income,October,11,Friday
05-03-2024,Utilities,Utilities transaction,4211.93,Expense,March,5,Tuesday
04-10-2024,Entertainment,Entertainment transaction,2784.55,Expense,October,4,Friday
08-05-2024,Investment,Investment transaction,12153.85,Income,May,8,Wednesday
19-05-2024,Travel,Travel transaction,4670.32,Expense,May,19,Sunday
29-11-2024,Rent,Rent transaction,2246.61,Expense,November,29,Friday
09-08-2024,Freelance,Freelance transaction,75385.89,Income,August,9,Friday
28-10-2024,Salary,Salary transaction,46669.5,Income,October,28,Monday
07-01-2024,Rent,Rent transaction,4112.34,Expense,January,7,Sunday
27-02-2024,Gift,Gift transaction,53407.49,Income,February,27,Tuesday
14-07-2024,Entertainment,Entertainment transaction,3062.95,Expense,July,14,Sunday
08-09-2024,Utilities,Utilities transaction,4364.39,Expense,September,8,Sunday
19-11-2024,Bonus,Bonus transaction,25631.07,Income,November,19,Tuesday
12-02-2024,Groceries,Groceries transaction,748.39,Expense,February,12,Monday
30-09-2024,Rent,Rent transaction,2630.78,Expense,September,30,Monday
12-04-2024,Gift,Gift transaction,72550.58,Income,April,12,Friday
19-06-2024,Health,Health transaction,3674.55,Expense,June,19,Wednesday
17-09-2024,Health,Health transaction,4761.39,Expense,September,17,Tuesday
25-07-2024,Rent,Rent transaction,1032.35,Expense,July,25,Thursday
14-10-2024,Transport,Transport transaction,253.69,Expense,October,14,Monday
09-07-2024,Groceries,Groceries transaction,428.45,Expense,July,9,Tuesday
03-10-2024,Transport,Transport transaction,4357.58,Expense,October,3,Thursday
01-10-2024,Travel,Travel transaction,4864.79,Expense,October,1,Tuesday
21-06-2024,Travel,Travel transaction,3369.86,Expense,June,21,Friday
07-07-2024,Groceries,Groceries transaction,1135.44,Expense,July,7,Sunday
06-08-2024,Freelance,Freelance transaction,68771.07,Income,August,6,Tuesday
02-04-2024,Health,Health transaction,481.46,Expense,April,2,Tuesday
27-01-2024,Gift,Gift transaction,73275.62,Income,January,27,Saturday
10-03-2024,Health,Health transaction,1296.57,Expense,March,10,Sunday
11-08-2024,Shopping,Shopping transaction,2784.77,Expense,August,11,Sunday
01-12-2024,Shopping,Shopping transaction,2133.44,Expense,December,1,Sunday
03-05-2024,Travel,Travel transaction,4200.02,Expense,May,3,Friday
23-02-2024,Groceries,Groceries transaction,136.9,Expense,February,23,Friday
01-06-2024,Shopping,Shopping transaction,4528.83,Expense,June,1,Saturday
19-05-2024,Transport,Transport transaction,4405.37,Expense,May,19,Sunday
17-07-2024,Groceries,Groceries transaction,4628.15,Expense,July,17,Wednesday
06-07-2024,Bonus,Bonus transaction,28069.12,Income,July,6,Saturday
21-04-2024,Health,Health transaction,2637.84,Expense,April,21,Sunday
30-12-2024,Bonus,Bonus transaction,47529.74,Income,December,30,Monday
26-07-2024,Utilities,Utilities transaction,3686.72,Expense,July,26,Friday
21-07-2024,Groceries,Groceries transaction,4128.31,Expense,July,21,Sunday
22-11-2024,Shopping,Shopping transaction,3649.44,Expense,November,22,Friday
03-04-2024,Food,Food transaction,2262.42,Expense,April,3,Wednesday
24-06-2024,Travel,Travel transaction,3423.05,Expense,June,24,Monday
02-07-2024,Utilities,Utilities transaction,1511.02,Expense,July,2,Tuesday
27-06-2024,Transport,Transport transaction,4730.78,Expense,June,27,Thursday
24-08-2024,Food,Food transaction,4733.55,Expense,August,24,Saturday
20-03-2024,Bills,Bills transaction,71.13,Expense,March,20,Wednesday
26-12-2024,Travel,Travel transaction,1720.65,Expense,December,26,Thursday
18-11-2024,Utilities,Utilities transaction,1576.82,Expense,November,18,Monday
22-04-2024,Shopping,Shopping transaction,4156.24,Expense,April,22,Monday
21-09-2024,Bonus,Bonus transaction,53361.93,Income,September,21,Saturday
26-08-2024,Investment,Investment transaction,53012.17,Income,August,26,Monday
21-12-2024,Salary,Salary transaction,73933.64,Income,December,21,Saturday
23-11-2024,Gift,Gift transaction,72642.29,Income,November,23,Saturday
29-03-2024,Shopping,Shopping transaction,1874.48,Expense,March,29,Friday
31-03-2024,Entertainment,Entertainment transaction,2006.35,Expense,March,31,Sunday
20-12-2024,Transport,Transport transaction,2856.38,Expense,December,20,Friday
21-06-2024,Bills,Bills transaction,4250.2,Expense,June,21,Friday
09-01-2024,Health,Health transaction,3403.74,Expense,January,9,Tuesday
21-06-2024,Rent,Rent transaction,4200.96,Expense,June,21,Friday
04-04-2024,Salary,Salary transaction,69961.97,Income,April,4,Thursday
25-02-2024,Shopping,Shopping transaction,708.05,Expense,February,25,Sunday
25-08-2024,Health,Health transaction,2089.99,Expense,August,25,Sunday
25-04-2024,Entertainment,Entertainment transaction,1995.82,Expense,April,25,Thursday
30-11-2024,Food,Food transaction,541.6,Expense,November,30,Saturday
04-08-2024,Bonus,Bonus transaction,18315.05,Income,August,4,Sunday
29-04-2024,Health,Health transaction,4161.99,Expense,April,29,Monday
08-10-2024,Investment,Investment transaction,20488.3,Income,October,8,Tuesday
17-01-2024,Gift,Gift transaction,19751.97,Income,January,17,Wednesday
06-12-2024,Rent,Rent transaction,3116.67,Expense,December,6,Friday
19-02-2024,Health,Health transaction,2637.46,Expense,February,19,Monday
12-12-2024,Food,Food transaction,2637.45,Expense,December,12,Thursday
12-06-2024,Rent,Rent transaction,469.12,Expense,June,12,Wednesday
08-06-2024,Shopping,Shopping transaction,2730.58,Expense,June,8,Saturday
27-09-2024,Entertainment,Entertainment transaction,2927.06,Expense,September,27,Friday
23-08-2024,Gift,Gift transaction,48770.39,Income,August,23,Friday
20-10-2024,Salary,Salary transaction,44353.13,Income,October,20,Sunday
19-05-2024,Health,Health transaction,457.71,Expense,May,19,Sunday
23-03-2024,Salary,Salary transaction,37134.35,Income,March,23,Saturday
21-08-2024,Investment,Investment transaction,37888.5,Income,August,21,Wednesday
08-04-2024,Food,Food transaction,2152.27,Expense,April,8,Monday
11-01-2024,Rent,Rent transaction,4044.72,Expense,January,11,Thursday
22-02-2024,Transport,Transport transaction,3178.9,Expense,February,22,Thursday
17-02-2024,Salary,Salary transaction,11541.26,Income,February,17,Saturday
16-01-2024,Gift,Gift transaction,39497.29,Income,January,16,Tuesday
22-09-2024,Freelance,Freelance transaction,77976.27,Income,September,22,Sunday
25-05-2024,Gift,Gift transaction,23683.89,Income,May,25,Saturday
08-04-2024,Bonus,Bonus transaction,30627.87,Income,April,8,Monday
27-03-2024,Health,Health transaction,317.22,Expense,March,27,Wednesday
28-03-2024,Gift,Gift transaction,28855.48,Income,March,28,Thursday
08-04-2024,Shopping,Shopping transaction,1103.67,Expense,April,8,Monday
15-04-2024,Bills,Bills transaction,3142.98,Expense,April,15,Monday
05-02-2024,Food,Food transaction,3806.71,Expense,February,5,Monday
30-05-2024,Rent,Rent transaction,3228.06,Expense,May,30,Thursday
10-04-2024,Transport,Transport transaction,4074.55,Expense,April,10,Wednesday
01-01-2024,Salary,Salary transaction,71109.83,Income,January,1,Monday
10-03-2024,Freelance,Freelance transaction,42965.16,Income,March,10,Sunday
22-10-2024,Investment,Investment transaction,15339.86,Income,October,22,Tuesday
04-05-2024,Salary,Salary transaction,73880.5,Income,May,4,Saturday
30-09-2024,Utilities,Utilities transaction,4624.39,Expense,September,30,Monday
24-01-2024,Shopping,Shopping transaction,2326.16,Expense,January,24,Wednesday
11-03-2024,Entertainment,Entertainment transaction,3411.73,Expense,March,11,Monday
01-08-2024,Groceries,Groceries transaction,1627.89,Expense,August,1,Thursday
05-09-2024,Utilities,Utilities transaction,112.31,Expense,September,5,Thursday
15-09-2024,Transport,Transport transaction,2574.03,Expense,September,15,Sunday
23-05-2024,Investment,Investment transaction,16367.17,Income,May,23,Thursday
15-10-2024,Transport,Transport transaction,1196.33,Expense,October,15,Tuesday
06-04-2024,Gift,Gift transaction,5825.74,Income,April,6,Saturday
25-03-2024,Health,Health transaction,4938.17,Expense,March,25,Monday
15-03-2024,Entertainment,Entertainment transaction,3041.3,Expense,March,15,Friday
08-11-2024,Bills,Bills transaction,3271.54,Expense,November,8,Friday
05-09-2024,Bills,Bills transaction,216.74,Expense,September,5,Thursday
14-10-2024,Gift,Gift transaction,9681.44,Income,October,14,Monday
12-12-2024,Health,Health transaction,4185,Expense,December,12,Thursday
12-05-2024,Transport,Transport transaction,2328.77,Expense,May,12,Sunday
24-02-2024,Groceries,Groceries transaction,1381.94,Expense,February,24,Saturday
09-04-2024,Groceries,Groceries transaction,4821.5,Expense,April,9,Tuesday
06-12-2024,Entertainment,Entertainment transaction,2863.16,Expense,December,6,Friday
31-01-2024,Groceries,Groceries transaction,2857.76,Expense,January,31,Wednesday
03-05-2024,Travel,Travel transaction,4364.35,Expense,May,3,Friday
30-09-2024,Travel,Travel transaction,4429.36,Expense,September,30,Monday
09-08-2024,Entertainment,Entertainment transaction,1532.2,Expense,August,9,Friday
25-12-2024,Bills,Bills transaction,1045.91,Expense,December,25,Wednesday
30-03-2024,Utilities,Utilities transaction,4162.05,Expense,March,30,Saturday
22-06-2024,Freelance,Freelance transaction,66045.23,Income,June,22,Saturday
23-12-2024,Freelance,Freelance transaction,51481.14,Income,December,23,Monday
26-11-2024,Groceries,Groceries transaction,4715.34,Expense,November,26,Tuesday
02-01-2024,Transport,Transport transaction,2916.61,Expense,January,2,Tuesday
17-04-2024,Groceries,Groceries transaction,3359.18,Expense,April,17,Wednesday
07-06-2024,Health,Health transaction,789.85,Expense,June,7,Friday
10-02-2024,Food,Food transaction,2456.9,Expense,February,10,Saturday
25-02-2024,Transport,Transport transaction,4903.58,Expense,February,25,Sunday
05-05-2024,Freelance,Freelance transaction,34460.97,Income,May,5,Sunday
29-01-2024,Transport,Transport transaction,2306.72,Expense,January,29,Monday
01-12-2024,Rent,Rent transaction,65.48,Expense,December,1,Sunday
01-04-2024,Health,Health transaction,3755.04,Expense,April,1,Monday
21-11-2024,Freelance,Freelance transaction,42400.57,Income,November,21,Thursday
19-06-2024,Rent,Rent transaction,4631.82,Expense,June,19,Wednesday
02-09-2024,Gift,Gift transaction,50734.56,Income,September,2,Monday
15-08-2024,Transport,Transport transaction,4825.99,Expense,August,15,Thursday
13-06-2024,Freelance,Freelance transaction,60882.1,Income,June,13,Thursday
13-11-2024,Utilities,Utilities transaction,1696.95,Expense,November,13,Wednesday
11-06-2024,Freelance,Freelance transaction,52791.24,Income,June,11,Tuesday
04-01-2024,Entertainment,Entertainment transaction,1589.93,Expense,January,4,Thursday
18-01-2024,Entertainment,Entertainment transaction,1034.36,Expense,January,18,Thursday
18-04-2024,Investment,Investment transaction,27437.38,Income,April,18,Thursday
10-02-2024,Bonus,Bonus transaction,17721.13,Income,February,10,Saturday
01-05-2024,Utilities,Utilities transaction,2541.79,Expense,May,1,Wednesday
15-07-2024,Bonus,Bonus transaction,74951.14,Income,July,15,Monday
16-05-2024,Food,Food transaction,2637.19,Expense,May,16,Thursday
31-03-2024,Salary,Salary transaction,23295.64,Income,March,31,Sunday
03-01-2024,Rent,Rent transaction,4053.78,Expense,January,3,Wednesday
09-10-2024,Bills,Bills transaction,613.66,Expense,October,9,Wednesday
17-07-2024,Shopping,Shopping transaction,1821.65,Expense,July,17,Wednesday
08-01-2024,Salary,Salary transaction,9388.78,Income,January,8,Monday
15-06-2024,Shopping,Shopping transaction,4830.36,Expense,June,15,Saturday
12-12-2024,Shopping,Shopping transaction,2587.19,Expense,December,12,Thursday
27-10-2024,Freelance,Freelance transaction,62390.47,Income,October,27,Sunday
12-06-2024,Salary,Salary transaction,45413.63,Income,June,12,Wednesday
10-11-2024,Rent,Rent transaction,1174.11,Expense,November,10,Sunday
22-06-2024,Food,Food transaction,3259.14,Expense,June,22,Saturday
03-06-2024,Freelance,Freelance transaction,76986.61,Income,June,3,Monday
19-05-2024,Entertainment,Entertainment transaction,733.85,Expense,May,19,Sunday
30-06-2024,Transport,Transport transaction,2436.75,Expense,June,30,Sunday
13-02-2024,Salary,Salary transaction,15789.49,Income,February,13,Tuesday
02-05-2024,Food,Food transaction,3856.08,Expense,May,2,Thursday
15-04-2024,Rent,Rent transaction,3127.15,Expense,April,15,Monday
21-10-2024,Transport,Transport transaction,3111.78,Expense,October,21,Monday
17-03-2024,Travel,Travel transaction,823.9,Expense,March,17,Sunday
24-04-2024,Shopping,Shopping transaction,2977.23,Expense,April,24,Wednesday
28-10-2024,Investment,Investment transaction,29940.34,Income,October,28,Monday
10-04-2024,Groceries,Groceries transaction,4381.37,Expense,April,10,Wednesday
03-05-2024,Groceries,Groceries transaction,2337.31,Expense,May,3,Friday
28-12-2024,Rent,Rent transaction,1150.47,Expense,December,28,Saturday
21-09-2024,Bills,Bills transaction,4627.22,Expense,September,21,Saturday
26-03-2024,Rent,Rent transaction,4990.27,Expense,March,26,Tuesday
24-07-2024,Investment,Investment transaction,43130.57,Income,July,24,Wednesday
07-01-2024,Transport,Transport transaction,612.29,Expense,January,7,Sunday
04-03-2024,Food,Food transaction,194.36,Expense,March,4,Monday
06-07-2024,Entertainment,Entertainment transaction,2996.33,Expense,July,6,Saturday
27-07-2024,Groceries,Groceries transaction,2643.48,Expense,July,27,Saturday
06-07-2024,Transport,Transport transaction,1168.35,Expense,July,6,Saturday
29-12-2024,Salary,Salary transaction,42063.99,Income,December,29,Sunday
31-05-2024,Entertainment,Entertainment transaction,1851.74,Expense,May,31,Friday
06-02-2024,Utilities,Utilities transaction,3049.41,Expense,February,6,Tuesday
09-09-2024,Gift,Gift transaction,20157.2,Income,September,9,Monday
02-10-2024,Rent,Rent transaction,2807.44,Expense,October,2,Wednesday
16-09-2024,Rent,Rent transaction,4792.41,Expense,September,16,Monday
02-08-2024,Bonus,Bonus transaction,65045.34,Income,August,2,Friday
26-09-2024,Utilities,Utilities transaction,4049.53,Expense,September,26,Thursday
20-10-2024,Travel,Travel transaction,1774.53,Expense,October,20,Sunday
13-12-2024,Salary,Salary transaction,48409.95,Income,December,13,Friday
19-10-2024,Groceries,Groceries transaction,478.25,Expense,October,19,Saturday
19-09-2024,Food,Food transaction,3930.61,Expense,September,19,Thursday
08-08-2024,Health,Health transaction,366.85,Expense,August,8,Thursday
15-03-2024,Bonus,Bonus transaction,75861.93,Income,March,15,Friday
24-01-2024,Travel,Travel transaction,3738.33,Expense,January,24,Wednesday
20-02-2024,Entertainment,Entertainment transaction,3876.04,Expense,February,20,Tuesday
30-04-2024,Utilities,Utilities transaction,3255.47,Expense,April,30,Tuesday
30-04-2024,Salary,Salary transaction,74366.36,Income,April,30,Tuesday
23-03-2024,Rent,Rent transaction,2007.37,Expense,March,23,Saturday
25-10-2024,Rent,Rent transaction,4662.93,Expense,October,25,Friday
23-09-2024,Entertainment,Entertainment transaction,4013.02,Expense,September,23,Monday
13-11-2024,Freelance,Freelance transaction,28960.58,Income,November,13,Wednesday
24-06-2024,Gift,Gift transaction,21156.24,Income,June,24,Monday
12-10-2024,Shopping,Shopping transaction,4959.81,Expense,October,12,Saturday
02-02-2024,Gift,Gift transaction,7835.69,Income,February,2,Friday
01-07-2024,Rent,Rent transaction,4621.72,Expense,July,1,Monday
02-05-2024,Travel,Travel transaction,582.64,Expense,May,2,Thursday
20-12-2024,Travel,Travel transaction,2013.72,Expense,December,20,Friday
07-12-2024,Gift,Gift transaction,64568.76,Income,December,7,Saturday
14-03-2024,Shopping,Shopping transaction,4451.86,Expense,March,14,Thursday
28-07-2024,Utilities,Utilities transaction,3485.56,Expense,July,28,Sunday
13-02-2024,Utilities,Utilities transaction,2262.07,Expense,February,13,Tuesday
19-05-2024,Freelance,Freelance transaction,53452.98,Income,May,19,Sunday
12-11-2024,Travel,Travel transaction,292.59,Expense,November,12,Tuesday
27-08-2024,Health,Health transaction,70.16,Expense,August,27,Tuesday
19-08-2024,Bills,Bills transaction,2679.48,Expense,August,19,Monday
27-05-2024,Gift,Gift transaction,63676.46,Income,May,27,Monday
12-02-2024,Rent,Rent transaction,4663.16,Expense,February,12,Monday
02-09-2024,Rent,Rent transaction,3922.47,Expense,September,2,Monday
02-01-2024,Bills,Bills transaction,4516.92,Expense,January,2,Tuesday
13-07-2024,Rent,Rent transaction,192.57,Expense,July,13,Saturday
05-10-2024,Rent,Rent transaction,546.58,Expense,October,5,Saturday
29-10-2024,Shopping,Shopping transaction,902.17,Expense,October,29,Tuesday
24-07-2024,Shopping,Shopping transaction,114.47,Expense,July,24,Wednesday
06-10-2024,Rent,Rent transaction,1562.84,Expense,October,6,Sunday
09-12-2024,Entertainment,Entertainment transaction,3868.43,Expense,December,9,Monday
05-01-2024,Entertainment,Entertainment transaction,4498.11,Expense,January,5,Friday
14-01-2024,Shopping,Shopping transaction,1919.02,Expense,January,14,Sunday
25-12-2024,Utilities,Utilities transaction,261.9,Expense,December,25,Wednesday
19-01-2024,Utilities,Utilities transaction,142.34,Expense,January,19,Friday
25-04-2024,Entertainment,Entertainment transaction,75.94,Expense,April,25,Thursday
17-12-2024,Groceries,Groceries transaction,3044.92,Expense,December,17,Tuesday
23-07-2024,Freelance,Freelance transaction,42795.88,Income,July,23,Tuesday
18-02-2024,Investment,Investment transaction,43233.38,Income,February,18,Sunday
21-02-2024,Health,Health transaction,2919.73,Expense,February,21,Wednesday
13-02-2024,Health,Health transaction,1270.88,Expense,February,13,Tuesday
10-07-2024,Salary,Salary transaction,60885.15,Income,July,10,Wednesday
14-03-2024,Shopping,Shopping transaction,2115.6,Expense,March,14,Thursday
30-06-2024,Gift,Gift transaction,45264.86,Income,June,30,Sunday
10-05-2024,Utilities,Utilities transaction,430.38,Expense,May,10,Friday
23-03-2024,Rent,Rent transaction,110.08,Expense,March,23,Saturday
23-05-2024,Bills,Bills transaction,1008.35,Expense,May,23,Thursday
18-06-2024,Entertainment,Entertainment transaction,3283.97,Expense,June,18,Tuesday
02-09-2024,Investment,Investment transaction,34882.51,Income,September,2,Monday
07-10-2024,Bonus,Bonus transaction,33122.54,Income,October,7,Monday
23-08-2024,Food,Food transaction,1525.09,Expense,August,23,Friday
07-02-2024,Utilities,Utilities transaction,3604.63,Expense,February,7,Wednesday
02-10-2024,Entertainment,Entertainment transaction,4951.56,Expense,October,2,Wednesday
09-06-2024,Utilities,Utilities transaction,4212.76,Expense,June,9,Sunday
27-03-2024,Entertainment,Entertainment transaction,1496.34,Expense,March,27,Wednesday
25-04-2024,Rent,Rent transaction,3983.29,Expense,April,25,Thursday
23-11-2024,Transport,Transport transaction,4201.88,Expense,November,23,Saturday
14-07-2024,Entertainment,Entertainment transaction,1988.83,Expense,July,14,Sunday
19-01-2024,Entertainment,Entertainment transaction,4139.93,Expense,January,19,Friday
14-05-2024,Gift,Gift transaction,19116.77,Income,May,14,Tuesday
11-12-2024,Travel,Travel transaction,1619.17,Expense,December,11,Wednesday
28-06-2024,Health,Health transaction,497.31,Expense,June,28,Friday
09-07-2024,Bills,Bills transaction,4663.39,Expense,July,9,Tuesday
29-11-2024,Groceries,Groceries transaction,3043.92,Expense,November,29,Friday
17-07-2024,Travel,Travel transaction,3569.88,Expense,July,17,Wednesday
10-05-2024,Food,Food transaction,3384.11,Expense,May,10,Friday
30-06-2024,Groceries,Groceries transaction,924.73,Expense,June,30,Sunday
23-04-2024,Bonus,Bonus transaction,36252.13,Income,April,23,Tuesday
17-05-2024,Salary,Salary transaction,73987.94,Income,May,17,Friday
18-10-2024,Transport,Transport transaction,546.92,Expense,October,18,Friday
24-11-2024,Transport,Transport transaction,1333.56,Expense,November,24,Sunday
02-10-2024,Entertainment,Entertainment transaction,3334.76,Expense,October,2,Wednesday
14-03-2024,Utilities,Utilities transaction,121.21,Expense,March,14,Thursday
14-04-2024,Rent,Rent transaction,53.66,Expense,April,14,Sunday
24-09-2024,Health,Health transaction,4039.52,Expense,September,24,Tuesday
07-01-2024,Utilities,Utilities transaction,3364.41,Expense,January,7,Sunday
03-12-2024,Groceries,Groceries transaction,1567.5,Expense,December,3,Tuesday
17-06-2024,Bills,Bills transaction,3640.6,Expense,June,17,Monday
08-03-2024,Groceries,Groceries transaction,4677.79,Expense,March,8,Friday
04-08-2024,Entertainment,Entertainment transaction,1931.6,Expense,August,4,Sunday
01-08-2024,Bonus,Bonus transaction,37682.71,Income,August,1,Thursday
04-08-2024,Utilities,Utilities transaction,2517.38,Expense,August,4,Sunday
30-06-2024,Salary,Salary transaction,21848.3,Income,June,30,Sunday
29-06-2024,Travel,Travel transaction,597.8,Expense,June,29,Saturday
17-10-2024,Utilities,Utilities transaction,883.05,Expense,October,17,Thursday
05-08-2024,Gift,Gift transaction,77307.84,Income,August,5,Monday
23-08-2024,Bills,Bills transaction,3093.23,Expense,August,23,Friday
24-09-2024,Investment,Investment transaction,71167.8,Income,September,24,Tuesday
22-04-2024,Bonus,Bonus transaction,32182.19,Income,April,22,Monday
19-04-2024,Transport,Transport transaction,2997.87,Expense,April,19,Friday
12-06-2024,Utilities,Utilities transaction,221.56,Expense,June,12,Wednesday
15-12-2024,Investment,Investment transaction,16735.61,Income,December,15,Sunday
29-04-2024,Investment,Investment transaction,73158.84,Income,April,29,Monday
03-03-2024,Investment,Investment transaction,47177.15,Income,March,3,Sunday
12-12-2024,Bills,Bills transaction,1843.46,Expense,December,12,Thursday
21-04-2024,Rent,Rent transaction,4828.62,Expense,April,21,Sunday
25-02-2024,Transport,Transport transaction,1181.82,Expense,February,25,Sunday
08-09-2024,Bills,Bills transaction,979.46,Expense,September,8,Sunday
27-07-2024,Bills,Bills transaction,3331.81,Expense,July,27,Saturday
30-05-2024,Food,Food transaction,3563.64,Expense,May,30,Thursday
12-02-2024,Rent,Rent transaction,4876.42,Expense,February,12,Monday
27-09-2024,Groceries,Groceries transaction,404.29,Expense,September,27,Friday
30-11-2024,Transport,Transport transaction,4646.37,Expense,November,30,Saturday
04-04-2024,Investment,Investment transaction,23007.22,Income,April,4,Thursday
16-12-2024,Travel,Travel transaction,3036.65,Expense,December,16,Monday
26-12-2024,Groceries,Groceries transaction,3425.1,Expense,December,26,Thursday
13-10-2024,Gift,Gift transaction,63617.48,Income,October,13,Sunday
13-03-2024,Transport,Transport transaction,809.01,Expense,March,13,Wednesday
15-12-2024,Freelance,Freelance transaction,6775.33,Income,December,15,Sunday
06-03-2024,Rent,Rent transaction,4509.02,Expense,March,6,Wednesday
02-05-2024,Travel,Travel transaction,2511.78,Expense,May,2,Thursday
16-11-2024,Travel,Travel transaction,2002.45,Expense,November,16,Saturday
28-10-2024,Shopping,Shopping transaction,1600.6,Expense,October,28,Monday
06-02-2024,Travel,Travel transaction,2272.91,Expense,February,6,Tuesday
23-08-2024,Investment,Investment transaction,14889.87,Income,August,23,Friday
11-08-2024,Shopping,Shopping transaction,4318.92,Expense,August,11,Sunday
30-04-2024,Utilities,Utilities transaction,4383.1,Expense,April,30,Tuesday
18-06-2024,Rent,Rent transaction,114.86,Expense,June,18,Tuesday
11-10-2024,Bonus,Bonus transaction,59839.84,Income,October,11,Friday
